期刊标题,作者,期数,年代,关键词
編輯室報告, 洪廣冀,101,2022,-
連屬公共性－新北市三重區公園∕廟宇複合體的領域調適, 王志弘、高郁婷,101,2022,-
臺灣西南部古海嘯紀錄的黑歷史－加藤港暴漲, 齊士崢、施雅軒、顏君毅、陳佳宏,101,2022,-
莫拉克颱風災後永久屋基地之建成環境特徵分析, 蔡松倫、曾敏惠、鄧傳忠、落合知帆,101,2022,-
地球政治與海洋研究－論辯與未來研究展望, 王驥懋,101,2022,-
傳染病地理學的空間分析方法－回顧與進展, 溫在弘,101,2022,-
書 評— 評“How Green Became Good: Urbanized Nature and the Making of Cities and Citizens”, 周如怡,101,2022,-
從生態轉向、激進地理到地景張力－《後花蓮八景》中的後風景論”, 龔卓軍,101,2022,-
編輯室報告, 洪廣冀,102,2022,-
來！去！後山過日子！－探索花、東地區生活風格移居者的價值意涵, 張凱智、賴昱年,102,2022,-
都市化的批判－Neil Brenner全域都市化與資本主義的存續, 黃子倫、朱凌毅、徐進鈺,102,2022,-
健康、醫療利用與人口移動的關聯, 余清祥、梁穎誼、林佩柔,102,2022,-
打破觀光和動保的二元對立－從相互依存的角度看猴硐街貓議題, 余衡、林子耘、鄭中彥、劉鎮臺,102,2022,-
書 評—評“Wildlife in the Anthropocene: Conservation after Nature”, 徐振輔,102,2022,-
書 評—評“Edges of Exposure: Toxicology and the Problem of Capacity in Postcolonial Senegal”, 孫以翔,102,2022,-
當我在段義孚的「地方」, 洪伯邑,102,2022,-
氣象要素年極大值之頻度分配,楊建雄,1,1962,-
水面蒸發之抑阻,林紹豪,1,1962,-
臺灣省桃園縣農業發展的地理基礎,李鹿苹,1,1962,-
玉蜀黍田間微氣候測驗報告,蔣丙然,1,1962,-
臺灣省主要河川流域雨量流量與灌溉及稻作蔗作關係之研究,蔣丙然,2,1964,-
臺灣省菸草栽培區之氣象與菸草產量相關之研究,蔣丙然,1,1962,-
邊際農業資源地區的人口：造橋農牧社區個案研究,姜蘭虹,10,1979,-
陽明山區土地利用之自然地理因素,李鹿苹,2,1964,-
山坡地社區發展計畫及其評估：苗栗縣造橋社區個案研究,張長義、王秋原,10,1979,-
一個以模擬認知為基礎的第二代地理資訊系統架構,陳慶瀚、孫志鴻,21,1996, 地理資訊系統、 認識論、 認知、
中共農業現代化之地理分析,王洪文,11,1982,-
玉峰集水區颱風事件河川流量和懸移質濃度關係之研究,朱怡亭、徐美玲,49,2007,-
空間再尺度化的角力：全球化下的臺灣資通訊產業與國家機器,王振寰,49,2007,空間再結構、空間尺度、國家機器、資通訊產業、臺灣
基於RS/GIS的城市泥石流災害綜合評價研究：以中國昆明市東川城區為例,唐  川、沖村孝,44,2006,泥石流、危險區劃、易損性、損失評估、風險評價
基隆河中上游流域建成地型態變遷之分析,王翠華、林俊全,49,2007,土地覆蓋與利用變遷、基隆河流域、汐止、坡地災害
不同網格解析度與流向演算法對蓮華池集水區地形指標之影響,莊永忠、廖學誠、詹進發、黃正良,50,2007,地形指標、流向演算法、水文相似性
政治變遷下澳門的旅遊發展,倪進誠,23,1997,政治變遷、 旅遊業發展、 區域作用者、 博彩業、 澳門
山區道路邊坡棄土沖蝕之初步研究,徐美玲、廖偉國,23,1997,棄土、 土壤沖蝕、 沖蝕樁、 收集槽
蘭嶼國家公園決策過程之分析,黃躍雯,23,1997,蘭嶼國家公園、 決策過程、 政策利害關係者、 國家、 社會
島嶼生物地理學研究的發展與應用,蔡慧敏,24,1998,島嶼生物地理學理論、 棲地島、 平衡理論、 面積效應、 干擾
地理資訊系統與空間分析功能：雲林沿海地區土地利用變遷分析,蔡博文、張長義、丁志堅,23,1997,地理資訊系統、 空間分析、 馬可夫鏈結模式、 聚集分析、 土地利用變遷
臺灣積體電路工業發展歷程之研究：高科技、政府干預與人才回流,徐進鈺,23,1997,積體電路工業、 政府干預、 回流創業、 垂直分工
當代華人的海外移民,姜蘭虹、趙建雄、徐榮崇,24,1998,移民、 華人移民、 北美、 澳洲、 臺灣
類神經網路在內插應用之研究,賴進貴、邵喻美,24,1998,類神經網路、 誤差後傳模式、 內插計算、 網格資料、 向量資料
多準則決策技術與地理資訊系統整合之研究,林祥偉、孫志鴻,24,1998,地理資訊系統、 多準則決策技術、 分析層級法、 空間決策支援系統
從幾個常見的模式認識大陸的鄉鎮企業,齊文輝,24,1998,鄉鎮企業、 模式、 蘇南、 溫州、 珠江
地方派系對恆春地區觀光空間形成之影響,蘇一志,24,1998,地方派系、 政商關係、 地方派系代理人
嘉南地區地震週期性之研究,蔡　衡,25,1999,重現期、 馬可夫鏈、 坎特集合
再造老臺北：臺北市都市更新政策的分析,周素卿,25,1999,都市更新、 都市更新政策、 臺北市
財團對恆春地區觀光空間重組的影響,蘇一志,25,1999,財團、 梯次動員、 資本迴路理論
類神經網路在集水區降雨逕流模擬之應用,孫志鴻、詹仕堅,25,1999,類神經網路、 倒傳遞網路模式、 降雨 逕流模擬、 洪水
剖析珠江三角洲基塘生態環境問題,王礎儀,26,1999,基塘生態系統、 桑基魚塘、 塘泥、 環境污染
國家公園法訂定過程的意識形態分析,黃躍雯,25,1999,國家公園法、 意識形態、 作用者、 保育、 發展主義
花東海岸後退的研究：長濱以南至臺東段 ,許民陽、高慶珍、高鵬飛、鄭紹龍,25,1999,海岸後退、 破壞性作用、 風暴激浪
中國大陸流動人口之研究：以廣東省鄉鎮企業外來女工為例,姜蘭虹 ,26,1999,流動人口、 鄉鎮企業、 外來民工、 外來女性勞工、 廣東省
中國長江三峽工程水庫集水區滑坡特徵,唐　川,26,1999,中國長江、 三峽工程水庫集水區、 滑坡、 分布特徵
無尾港野生動物保護區經營管理效能評估－RAPPAM的引進與適用,盧道杰、王牧寧、闕河嘉,54,2008,權益關係人、社區參與、社區保育、經營管理循環、整體思維
趨同與趨異－世界城市的範型與世界城市的假說,簡博秀,54,2008,世界城市 (全球城市)、世界城市的假說、世界城市的範型、空間再層域化、非世界城市
多重的辯證－列斐伏爾空間生產概念三元組演繹與引申,王志弘,55,2009,列斐伏爾、空間生產、空間實踐、空間再現、再現空間
建構地方依附因果關係模式,曹勝雄、孫君儀,55,2009,地方依附、活動涉入、忠誠度、負責任的環境行為
棲居與空間－海德格空間思維的轉折,王應棠,55,2009,棲居、空間、築造、物、世界
臺灣原住民的回流及連續遷徙－2000年戶口普查分析,劉千嘉、林季平,54,2008,原住民、勞工流動、重複遷徙、連續遷徙、回流遷徙
一個溪流生態環境綜合性評估模式之權重估計－以石門水庫自然旅遊地為例,朱達仁、陳弘成、郭一羽、鄭安盛、方偉達、施君翰,55,2009,結構方程模式、溪流評估指標、權重估計
書評：人類的良善,蔡文川 ,56,2009,-
誘因排擠與社區保育集體行動－臺灣東部兩個案例之比較研究,莊武龍、戴興盛,56,2009,溪流保育、排擠效果、經濟誘因、共有資源
行動地理資訊系統應用於國小鄉土地理教學之研究,蕭顯勝、洪琬諦、簡正杰,56,2009,行動GIS、鄉土地理教學、認知風格
臺灣地區酸沉降臨界負荷量及其對環境與經濟影響之估算,張仲德、林登秋、林能暉,56,2009,亞洲酸雨模式、酸沈降、臨界負荷值、環境衝擊、經濟損失
家屋與家的地理學轉移－斯里蘭卡鄉村女性移民對家的創造,歐芝蜜  龍德兒,57,2009,女性遷移、跨國生活、家屋與家、索拉瑪、斯里蘭卡
陽明山國家公園磺嘴山步道品質與土壤沖蝕研究,李禹璇、李建堂,56,2009,步道品質、步道衝擊、步道沖蝕、土壤沖蝕、陽明山國家公園
新加坡的日本女性海外工作者與日本人力招募公司的活動之探討,由井義通,57,2009,勞工招募、行政職員、女性、日本仲介、新加坡
書   評,杜妲安,57,2009,-
志工活動做為融入途徑－以加拿大的臺灣中產階級婦女移民為例,姜蘭虹,57,2009,臺灣中產階級婦女移民、志工活動、加拿大、公民、多樣性
編者序－亞洲婦女：性別、遷移及工作,孟 婕、姜蘭虹,57,2009,-
學術場域的新面孔－以性別與國內、外出生地探討新進美國地理學者的經驗,司柏莉,57,2009,學術職涯、美國、性別、來源國
譯文－從經濟全球化和當地制度來看北京外國「門禁社區」的增長,吳縛龍、韋　伯著；王曉曉、馬強強譯 ,58,2010,外國人的住宅市場、全球化、北京
地點、場所或所在－論 “place” 的中譯及其啟發,曾旭正,58,2010,空間、場所∕所在、在世存有
臺灣天然災害統計指標體系建構與分析,吳杰穎、江宜錦,51,2008,災害統計、災害管理、評估指標、天然災害、脆弱度
跨兩岸軟體生產網絡之形成與政策困境,金家禾,50,2007,全球生產網絡、跨岸生產網絡、軟體 (軟件) 產業
應用多元方格網模式比較坡度計算法差異之研究,邱景升,51,2008,方格網模式、數值高程模型、坡度
創新、能力與文化產業群聚的演化：臺北市音樂產業個案研究,林政逸、辛晚教,50,2007,能力、創新、文化產業群聚、音樂產業、演化
式微文化地景的再活化－泰安村舊鐵道的空間意涵,劉子綺、李素馨、侯錦雄,61,2011,文化資產、空間生產、社會群體
關係空間與鄉村發展：以龍潭椪風茶產業為例,譚鴻仁,50,2007,椪風茶、關係空間、鄉村發展、傳統理論、龍潭
蓮華池集水區水文敏感區動態變化之研究,莊永忠、廖學誠、詹進發、黃正良,51,2008,水文敏感區、土壤潤濕程度、土壤水份演算模式、地形指標
臺北縣三芝鄉淺水灣西側海岸沙丘地形與植群分布關係之研究,陳彥樺、李建堂,51,2008,海岸沙丘、數值高程模型 (DEM)、植物地形學、雙向列表比較法(TWINPAN)
全球城市消費性地景的文化生產－以上海的住宅地景為例,吳幸玲,52,2008,全球城市、消費性地景、文化生產、空間想像化工程、上海
鄭和《過洋牽星圖》及丁得把昔與沙姑馬山地理定位之研究,徐勝一、陳有志,52,2008,鄭和、陸標航海、天文航海、航海圖、牽星圖
桃竹苗地區臺灣閩南語口音分布的區域特性,韋煙灶、曹治中,53,2008,臺灣閩南語、語言地理學、半福佬客、頭北腔、白沙屯
農業食物在地化－臺東縣池上鄉米食產業的探討,梁炳琨,53,2008,在地化、鑲嵌、另類農業食物網絡、認證、池上
原住民地區共用資源自主治理之研究－以馬里克彎河域的護魚行動為例,顏愛靜、孫稚堤,52,2008,共用資源、社會生態系統、原住民、泰雅族、自主治理
全球城市區域治理之外－香港的跨境身分論述與再現,黃宗儀,52,2008,全球城市區域、香港都市身分、跨境治理、邊界想像、社會主體再現
風水專家意見一致性之實證研究,韓可宗、洪瑞嬣,53,2008,研究風水經驗、教育程度、砂、水、方位
別居的意義－臺灣中產階級女性的經驗探索,姜蘭虹、陳雅蓮、宋郁玲,53,2008,別居、家、郊區生活、女性主義觀點、中產階級女性
「稀樹草原假說」就景觀美質、偏好與復癒反應的再次驗證,韓可宗,41,2005,演化理論、生物區、特定棲息地觀點、非特定棲息地觀點、森林假說
書評：全球臺灣與臺灣產業發展之未來,金家禾,41,2005,-
醫學地理的熱門課題：「新興傳染病」的研究,李美慧,41,2005,新興傳染病、新現傳染病、再現傳染病、人體健康
臺灣山脈地形演育的測高曲線與高程頻率分佈形態,陳彥傑、宋國城、張韻嫻,54,2008,均衡山脈、構造地形指標、測高曲線、高程頻率分佈、x2 (卡方) 檢定
運用公眾參與地理資訊系統於原住民族傳統領域之研究：泰雅族司馬庫斯個案,林俊強、張長義、蔡博文、李建堂、丁志堅、李玉亭,41,2005,公眾參與地理資訊系統、賦權、原住民族傳統領域、泰雅族、司馬庫斯
羅東林區民眾參與社區林業計畫之評估與分析,鐘龍治、廖學誠、陳宛君、劉瓊蓮、陳美惠,41,2005,第一階段社區林業計畫、民眾參與、森林生態系經營、羅東林區管理處
地圖概括化對環境變遷研究之影響：以臺灣地圖資料為例,賴進貴、葉高華,41,2005,地圖、概括化、資料品質、環境變遷
臺灣棒球場域的消費景觀,吳世政、蘇淑娟,43,2006,運動景觀、消費景觀、形象認同、棒球場域、狂歡節
具地震防災機能之都市空地類型化研究：以南投市為例,汪明生、李永龍、黃宗誠,42,2005,空地、數量化理論第III類模型、群落分析、地理資訊系統
公共電視「我們的島」節目中環境議題的時空分布特性,王景平、廖學誠,43,2006,內容分析、環境議題、時空特性
古地圖的空間認知探索：以1878年《全臺前後山輿圖》為例,賴進貴、黃清琦、葉高華,42,2005,空間認知、古地圖、地理資訊系統、歷史地理
人文地理學人口遷移研究的跨界與轉向：臺灣與英美研究的比較,宋郁玲,43,2006,移民、人口遷移研究、領域跨界、多元典範、人文地理學
蝸行20年：女性主義地理學在台灣的發展,張華蓀,42,2005,女性主義地理學、地理學界中之女性、高等教育
全球化時代的文化遺產：古蹟保存理論之批判性回顧,顏亮一,42,2005,文化遺產、古蹟保存、全球化、異質地方、樂生療養院
流動的性慾地景：高雄愛河畔男「同志」性活動 (1960-2001) 的歷史地理研究,吳文煜,43,2006,性慾特質、地景、歷史地理、都市更新、高雄
江蘇省連雲港市國內旅遊客源市場研究,吳小偉、黃巧華、趙  清,44,2006,旅遊、客源市場等級、空間分佈特徵、連雲港
河床地形與防砂壩之空間關係：七家灣溪個案研究,徐美玲、賴建盛,21,1996,防砂壩、 河道型態、 水潭、 灘瀨、 梯狀潭
從地形系統觀點探討泥火山地景的敏感性,宋國城、陳  力,44,2006,泥火山、地形系統、地景敏感性、地景回復力
蘇北地區新石器時代至商周時期人類遺址時空分佈問題探討,朱  誠、鄭朝貴、顧維瑋、韓明芳,44,2006,蘇北地區、新石器時代至商周時期、人類遺址時空分佈、問題探討
數值等高線內插之比較研究,賴進貴、王慧勳,21,1996,數值地形模型、 內插、 資料品質
地圖圖面配置中各圖元形狀之相互關係,張春蘭,21,1996,圖面配置、 圖元、 自動化地圖設計、 形狀
以局部穩定條件率定之邊坡土壤厚度估測模式,姜壽浩、徐美玲,44,2006,土壤生成函數、擴散模式、簡單潛移、局部穩定平衡、參數率定
黃河水沙特徵及調水調沙下的入海水沙通量變化,王  棟、潘少明、吳吉春、朱慶平,44,2006,水沙基本特徵、調水調沙、入海水沙通量、利津、黃河
臺灣地區觀光遊憩空間的形成與分析：1950-1995年,蘇一志,21,1996,觀光遊憩空間、 觀光政策、 空間演化、 臺灣地區
地圖圖面配置中各圖元位置之相互關係,張春蘭,22,1997,圖面配置、 圖元、 自動化地圖設計、 位置
從產銷關係探討1960年代臺灣人纖成衣工業在國際分工中的地位,黃麗珠,22,1997,人纖成衣工業、 產銷關係、 國際分工、 海外加工製造基地、 國際貿易及發展理論
土壤沖蝕的量測方法,李建堂,23,1997,土壤沖蝕、 實驗區法、 輸砂量法、 沖積物預算法、 沖蝕針、 沖蝕預估模式
紋溝間雨濺沖積物和表層沖積物的團粒分佈特性及集聚比之比較,李建堂、R. A. Sutherland,22,1997,雨濺沖蝕、 表層沖蝕、 氧化土、 選擇性沖蝕、 集聚比
舊地圖與都市土地利用變遷：以臺北加蚋仔地區為例,周素卿、高傳棋,21,1996,舊地圖、 都市土地利用變遷、 臺北市、 加蚋仔
結合地理資訊系統與全球衛星定位系統於地理資料調查：以土地利用調查作業為例,蔡博文、丁志堅,22,1997,地理資訊系統、 全球衛星定位系統、 土地利用
臺灣地區的酸性物質沈降量極限值之研究,林俊全、郭銘仁、陳澤民,22,1997,亞洲酸雨計畫衝擊模式、 土壤酸化、 酸性物質沈降極限量
區域地理研究的探討,王秋原、趙建雄、何致中,22,1997,區域、 區域地理、 研究方法、 新區域地理、 區域研究
大珠江三角洲跨境融合和管治的政治經濟分析,楊  春,45,2006,跨境區域、經濟融合、多層級管治、大珠江三角洲、香港
馬蘭社阿美族集會所的區位、功能與臺東平原社會環境的變遷,李玉芬,45,2006,馬蘭、阿美族、臺東平原、集會所
都市鄰里公園之區位選擇研究,衛萬明、林宏晉,45,2006,區位理論、不確定性因素、基因演算法、蒙地卡羅模擬法、模擬最佳化
產業之群聚吸納能力與學習：以臺灣自行車業為例,林育諄、金家禾,45,2006,空間群聚、群聚吸納能力、學習、自行車業
整合式災害管理資訊架構之研發,陶翼煌、孫志鴻、唐國泰、李保志,46,2006,災害管理、決策支援、合作分析、專案管理、災害應變
書  評：全球化臺北：挑戰與展望,黃宗儀,46,2006,-
政治脈絡中的創意專案：網絡兩岸跨界演唱會案例研究,張容瑛、周志龍,46,2006,兩岸跨界演唱會、流行音樂產業、跨界專案網絡、政治制度脈絡
土壤化育指數在濁水溪流域階地對比之應用,黃文樹、蔡  衡、許正一,45,2006,土壤地形學、化育層指數、加權剖面化育層指數、土壤時間序列、河階
利用空間技術與景觀生態指數分析墾丁國家公園土地覆蓋變遷影響之研究,李瑞陽、林士強,46,2006,-
水里溪上游集水區溪流水質的空間變異分析,葉春國、廖學誠、黃正良、薛美莉、王景平,47,2007,溪流水質、因素分析、集群分析
建構社區保育、原住民狩獵與野生動物經營管理間的連結,盧道杰、吳雯菁、斐家騏、台邦‧撒沙勒,46,2006,社區參與、共有財、社區保育區、傳統體制、魯凱
跨界的知識傳遞：臺灣奧美廣告學習經驗之個案研究,何中馨,47,2007,廣告代理商、知識傳遞、鄰近性、網絡、權力關係
以二氧化碳排放量探討島嶼之永續發展策略,林世強,47,2007,二氧化碳、永續發展、島嶼、金門
養殖土地利用變遷預測模式之建立：個體施為取徑,謝啟賢、蔡博文、張康聰     ,47,2007,土地?用變遷、個體施為、驅動因子、判別分析、水產養殖
保育為先：苗栗縣後龍溪區域性河川保育之集體行動與制度分析,戴興盛、謝妙勤,48,2007,溪流保育、保育團體、社會資本、環境治理、經濟誘因
曾文溪流域豪大雨事件的流量及輸沙量,陳翰霖、張瑞津,48,2007,豪大雨、流量、輸沙量、曾文溪
臺北都會區大眾運輸導向發展目標體系與策略之建構,李家儂、賴宗裕,48,2007,大眾運輸導向發展、分析階層程序法、目標體系
都市土地利用變遷對自然環境衝擊之空間影響分析,鄒克萬、黃書偉,48,2007,土地利用變遷、空間分析、環境衝擊
人工湖可行性分析,游以德、何倖幸,11,1982,-
臺灣產業群聚區域差異及中國效應衝擊,金家禾、周志龍,49,2007,產業群聚、產業網絡、學習區域、中國效應
臺灣地區六十九年枯旱與主要水庫進水分析,張玉送,11,1982,-
八卦山地區坡地土地利用之模式分析,范允安、張玉送,11,1982,-
歐洲共同組織的區域問題,顧德爾,11,1982,-
臺灣農村的地理環境及人口外移,姜蘭虹,11,1982,-
臺北市坡地土地利用潛力與都市發展法規之評估,范允安,11,1982,-
臺北區水源集水區自然資源與環境之生態分析,柳　榗,11,1982,-
德基集水區土地利用變遷及其對環境衝擊之分析,張長義、王秋原、萬　懿,11,1982,-
中國大陸石油資源及中共之石油策略,王洪文,12,1985,-
太魯閣國家公園遊客態度與行為研究,姜蘭虹、楊麗秀,12,1985,-
環境變遷認知之空間差異：一個臺灣農村社區之研究,張長義,12,1985,-
安遷戶與非安遷戶對環境變遷反應之比較分析：新竹科學工業園區之個案研究,張長義、楊雲龍,12,1985,-
新中橫公路水里支線的自然與工程環境,王　鑫、林耀源,11,1982,-
七十一年台灣小兒痲痹症流行的空間差異,張春蘭,12,1985,-
臺北盆地交通路線分布的地理因素,李鹿苹,5,1968,-
臺灣農村綜合發展計畫與區域成長策略之研究,王秋原,12,1985,-
都市坡地利用與環境素質評估方法之研究,范允安,12,1985,-
臺灣山坡地地質災害個案研究報告,張石角,12,1985,-
正確降水量測量法之研討,周根泉,5,1968,-
臺灣降水特性之分析,亢玉瑾,5,1968,-
林口臺地土地利用之自然地理因素,李鹿苹,6,1969,-
彭佳嶼澎湖與蘭嶼降水特性之分析比較,亢玉瑾,6,1969,-
南投縣阿薩母茶區發展之地理基礎,王洪文,6,1969,-
蒸散量測定法之研究,周根泉,6,1969,-
臺灣地理環境與畜牧業之發展,王洪文,7,1971,-
溼潤熱帶地區之游耕景觀,王秋原,6,1969,-
公路聚落形態的熵變測定,黃良會、王秋原,7,1971,-
論斜壓不穩定長波之結構為帶流垂直剖面之函數,彭　立,6,1969,-
新竹海埔地自然地理因素與土地利用的影響,李鹿苹,7,1971,-
臺北低層大氣之穩定度,亢玉瑾,7,1971,-
氣象儀器檢驗法之比較研究,周根泉,7,1971,-
臺灣島中部山地丘陵區土地利用之研討,王洪文,7,1971,-
臺灣省棉作區域之氣象與棉作產量相關之研究,蔣丙然,2,1964,-
南投縣氣候與農林業之發展,王洪文,3,1965,-
用積雲亮度研究積雲成長之可能性,何勝平,7,1971,-
氣候方法估算河川流域之總逕流量,王秋原,7,1971,-
臺灣能源之地理分析,王洪文,8,1974,-
蘭陽溪流域之降雨分析,黃麗珠,8,1974,-
台北平均大氣,林紹豪,2,1964,-
臺灣河川流域自然特性之研究,王秋原,8,1974,-
宜蘭平原土地利用的地理基礎,李鹿苹,3,1965,-
臺北高空溫度溼度氣壓之日變化,林紹豪,3,1965,-
臺灣上空氣流之初步研究,亢玉瑾,3,1965,-
台北縣中和鄉發展之地理因素,王洪文,4,1967,-
冬季東北季風對於臺灣農業影響之研究,蔣丙然,3,1965,-
有關水資源問題之探討,王秋原,4,1967,-
臺北氣溫與降水之長期變化,彭　立,4,1967,-
沙漠之類別分布及其對人類經濟發展之影響,張桂生,3,1965,-
陽明山區氣候之分析研究,亢玉瑾,4,1967,-
臺灣之風及其利用價值,周根泉,4,1967,-
南投縣魚池鄉之地理特性,王洪文,5,1968,-
鳳山溪及頭前溪河谷地區聚落分布的地理基礎,李鹿苹,4,1967,-
臺北雨日之機率與持續性,彭　立,5,1968,-
彭佳嶼澎湖蘭嶼季風特性之研究,林紹豪,4,1967,-
臺灣新店溪之地形及其流域聚落之發展,王秋原,5,1968,-
戶外遊憩活動之參與動機：台灣、日本、美國三地的跨國性分析,"Carlton Yoshioka, Steven Simpson, Randy Virden",16,1993,遊憩動機 、 休閒參與 、 遊憩經驗偏好 、 跨文化差異 
北勢溪上游集水區的地景研究,王　鑫、李光中,16,1993,地景 、 環境影響評估 
地方生活圈與區域均衡發展之關係,王秋原、趙建雄,16,1993,不均衡區域發展 、 中心/邊陲模式 、 地方生活圈 、 成長中心 、 區域差異 
台北都會區居住空間之分化類型,周素卿、詹麗芬,17,1994, 居住空間結構、 居住空間分化、 臺北都會區、 因子生態分析、 因素分析
中國傳統時空結構化之早期發展,趙建雄,17,1994, 時間、 空間、 時空結構、 權力 
宜蘭平原海岸地區環境災害識覺空間差異之研究,張長義、周文玲,16,1993,空間差異 、 環災害識覺 、 海岸區域 、 宜蘭平原 、 養殖 
醫學地理學與地理流行病學之最新發展,R.W. Armstrong,17,1994,地理流行病學、 醫學地理學
嘉南平原洪患區的土地利用變遷之研究,姜善鑫、于靜元,16,1993,土地利用 、 漲潮洪患 、 豪雨洪患 、 點 雙數列相關係數 、 嘉南平原 
台灣水泥產業東移政策對東部區域發展影響之分析,張長義、王萬邦,17,1994, 水泥產業、 產業東移政策、 區域發展、 環境影響、 區位分析、 景觀衝擊
都市地理資訊系統整體規劃：以高雄市為例,朱子豪,17,1994, 地理資訊系統、 系統整體規劃
數值地形模型比較之研究,賴進貴,17,1994, 數值地形模型、 數值高度模型、 不規則三角網
全球衛星定位系統 (GPS) 於地理資訊系統 (GIS) 的應用,蔡博文,17,1994, 全球衛星定位系統、 地理資訊系統
應用語彙法建立遙測影像度量分類體系,朱子豪、林文祥,18,1995, 遙測、 度量、 組織、 形狀、 大小、 關連
地理資訊系統資料網格化問題探討,蔡博文、丁志堅,18,1995, 地理資訊系統、 疊合分析、 網格化、 向量資料、 網格資料
半乾燥黃土地區邊坡崩解之機制與其演生之地貌,簡玟玲,17,1994, 黃土、 不飽和地下水模擬、 邊坡崩解作用
台北地區逆溫層之研究,姜善鑫、盧光輝、劉富吉,17,1994, 大氣穩定度、 空氣品質、 污染擴散
礫岩邊坡沖蝕觀測之研究：以台灣中西部火焱山地區為例,林俊全,17,1994, 火炎山地區、 礫岩、 邊坡沖蝕、 剝蝕率、 觀測系統
地貌發育的空間分析：以濁口溪流域為例,王　鑫、雷鴻飛,17,1994,地貌發育、 相對高度 面積百分比曲線圖
立霧溪流域的河階地,齊士崢,17,1994, 河階地、 地形計量分析、 河川沉積物、 複雜反應
北宜高速公路對宜蘭地區居住功能的衝擊評估,周素卿,18,1995, 新建高速公路的衝擊、 居住功能、 區域重構、 地方政府的角色
苗栗後龍溪上游集水區之自然環境與下游沖積平原土壤特性之關係,徐美玲,12,1985,-
臺灣大漢溪與蘭陽溪之河流地形及其在近期地殼運動之意義,徐鐵良、李建堂,12,1985,-
航照地貌研究,王　鑫、林耀源,12,1985,-
鹽寮地區地景研究,王　鑫、賴進貴、許玲玉、濮方正,13,1988,地景、景觀、視域、不穩定邊坡
臺灣紅樹林型態之演變,韋倫敦,13,1988,-
黃土高原自然地理特性與土地利用之研討,王洪文,13,1988,-
區域發展理論與政策之研究：都市與區域發展之互動,王秋原,13,1988,區域發展、核心-邊陲模式、生活圈、中間都市、成長中心
地理資訊系統資料庫設計：以分析功能需求為基礎之設計方法,蔡博文,13,1988,地理資訊系統、資料庫系統、使用者需求評估、地理查詢
建立國土資訊系統可行性之研究,孫志鴻,13,1988,國土資訊系統、地理資訊系統、電腦、網路系統
地理資訊系統應用於山坡地農業土地利用潛力分析之研究,孫志鴻、張春蘭,13,1988,地理資訊系統、土地利用、潛力分析
遙測技術及專家系統在地理資訊上之應用,朱子豪,13,1988,專家系統、遙測、地理資訊系統、
野柳多孔狀岩石之研究,徐美玲,13,1988,多孔狀岩石、差異性侵蝕、鹽結晶作用、風化環、水層風化作用
聚落空間形態度量的發展,趙建雄,13,1988,聚落、空間型態、中地理論、空間歷程、城市系統、歷程
深圳經濟特區的地理分析,范允安,13,1988,區域地理、經濟發展、區位、投資、香港
台灣梅雨氣候,姜善鑫,13,1988,梅雨、降雨氣候學
墾丁國家公園遊客使用解說系統之認知、偏好及其影響因素之探討,姜蘭虹、劉英毓,13,1988,解說系統、解說服務、遊客特性、使用經驗、接受意願、使用偏好
新竹科學工業園區社會經濟環境影響之研究：設置前後人口與土地利用變遷之探討,張長義、楊雲龍,13,1988,科學工業園區、社會經濟環境影響、人口變遷、土地利用變遷
影響居民空氣品質識覺及其因應行為因子之研究,徐美玲,14,1990,因應 、 行為 、 居民 、 空氣品質 、 識覺
國土資訊系統在臺灣之發展,孫志鴻,14,1990,國土資訊系統 、 臺灣 
山坡地道路之工程環境地質調查及其環境影響評估,張石角、齊士崢,13,1988,簡確法、環境影響評估、環境敏感度、土地單元、同質區、工程地質參數
地方資源開發與人口調適行為：以臺北縣平溪鄉礦村社區為例,劉英毓、姜蘭虹,14,1990,人口 、 平溪鄉 、 地方 、 行為 、 社區 、 開發 
環境與坡地利用的理念架構,范允安,14,1990,利用 、 坡地 、 環境 
彰濱海岸侵蝕與堆積研究,王　鑫、林明璋、濮方正,14,1990,侵蝕 、 堆積 、 彰濱海岸 
應用遙測技術健立全國土地利用調查系統之研究,朱子豪,14,1990,遙測技術 、 土地利用 、 調查 
臺灣北部地區過去二十年重大崩山災害及其對環境之影響 (1968-1986) (北部地區：包括臺北市、臺北縣、基隆市),張石角,14,1990,北部 、 基隆市 、 崩山災害 、 臺北市 、 臺北縣 、 臺灣 
臺灣主要環境政策問題之探討：德基水庫集水區坡地開發環境壓力與政治衝突之研究,張長義,14,1990,坡地 、 政治 、 開發 、 集水區 、 臺灣 、 德基水庫 
月蒸發量標準值之評估研究,姜善鑫、盧光輝、劉一誠、蔣玉正,14,1990,蒸發量 、 標準值
臺北市中心商業區土地利用之比較研究：以西門商業區及頂好商業區為例,吳美珍 ,15,1992,土地利用 、 西門商業區 、 商業區 、 頂好商業區 、 臺北市中心 
地理資訊系統與認知科學,蔡博文 ,15,1992,地理資訊系統 、 科學 、 認知 
馬克思與恩格斯對城市的研究,趙建雄,15,1992,城市 、 恩格斯 、 馬克思 
應用地理資訊系統及遙感探測判釋分析石門水庫集水區的土地利用,范允安,15,1992,土地 、 石門水庫 、 地理資訊系統 、 利用 、 集水區 、 遙感探測 
新中部橫貫公路邊坡穩定性之地貌分析,王　鑫、李光中 ,15,1992,地貌 、 新中部橫貫公路 、 穩定性 、 邊坡 
蘭陽溪砂石採取政策之分析,張長義、黃創宏,15,1992,政策 、 砂石 、 採取 、 蘭陽溪 
詮釋環境倫理：地理學在環境教育中的潛在角色,辛普生,15,1992,地理學 、 倫理 、 環境 、 環境教育 、
國土資訊系統自然環境及生態資料庫之規劃研究,朱子豪,15,1992,生態 、 自然 、 國土資訊系統 、 規劃 、 資料庫 、 環境 
臺灣苗栗火炎山地區邊坡沖蝕之研究,林俊全,15,1992,火炎山 、 沖蝕 、 苗栗 、 臺灣 、 邊坡 
應用系統化空間查詢觀念於地理資料供應及管理系統之新設計,朱子豪,16,1993,空間查詢 、 資料供應 、 地理資訊系統 、 查詢確定性 
柏克萊山火災災區邊坡穩定分析,徐美玲,15,1992,火災 、 災區 、 柏克萊山 、 穩定分析 、 邊坡 
臺北盆地和臺北盆地東緣的土地利用之變遷,郭蔚楓,8,1974,-
土地適宜性分析決策支援系統之先驅研究,孫志鴻、王能超、鄭惠丹、楊士興,15,1992,土地 、 決策支援系統 
八掌溪山坡地土壤侵蝕之定量研究 ,姜善鑫,15,1992,八掌溪 、 土壤侵蝕 、 山坡地 、 定量 
引力模式之指數研究,姜蘭虹,8,1974,-
大都會區公眾運輸之地理條件,王屬璋、王秋原,8,1974,-
大度臺地西麓地區土地利用之自然地理因素,李鹿苹、蔡茂常,8,1974,-
臺中港特定區土地資源利用的自然地理基礎,李鹿苹,9,1977,-
蘇澳花蓮間交通路線的地形基礎,徐鐵良、蔡茂常,8,1974,-
基隆河谷中上游區土地資源之調查分析,王洪文,9,1977,-
三重市近十年來成長之探討,許柏修,9,1977,-
苗栗山坡地資源開發之地理環境,王秋原,9,1977,-
洪水新市鎮與北部區域之發展,范允安,9,1977,-
依明暗度切取衛星影像製作主題像片圖,王　鑫,9,1977,-
臺北基隆區年齡結構之研究,姜蘭虹,9,1977,-
臺中盆地土地資源利用之自然地理基礎,李鹿苹、蔡茂常,9,1977,-
地景等級之分析：旅遊資源價值之研究,張長義,9,1977,-
使用照片判釋法探測適於養殖之淺海地形,范允安,10,1979,-
石門集水區的地勢分析,王　鑫、李碧霞、孫志鴻,10,1979,-
高雄大鋼鐵廠區位及發展之地理分析,王洪文,10,1979,-
糖業在臺灣發展史中之角色,魏廉思,10,1979,-
都市區域計畫人口分布之重劃,王屬璋、王秋原,10,1979,-
石門水庫集水區防砂壩之效益分析,張石角、徐美玲、黃士鏡,10,1979,-
東亞天氣型之研究,薛繼壎,1,1962,-
新竹季風性質之研究,薛繼壎、楊建雄,1,1962,-
東亞冬季天氣型之預報價值,薛繼壎,1,1962,-
創刊詞,薛繼壎,1,1962,-
中國近海之季風,楊建雄,1,1962,-
水庫蒸發損失之抑減,林紹豪,2,1964,-
臺灣雲林縣農業發展的地理基礎,王秋原,2,1964,-
臺灣埔里盆地之地理特性,王洪文,2,1964,-
東亞夏季天氣型之預報價值,薛繼壎,2,1964,-
編輯室報告, 洪廣冀,101,2022,-
連屬公共性－新北市三重區公園∕廟宇複合體的領域調適, 王志弘、高郁婷,101,2022,-
臺灣西南部古海嘯紀錄的黑歷史－加藤港暴漲, 齊士崢、施雅軒、顏君毅、陳佳宏,101,2022,-
莫拉克颱風災後永久屋基地之建成環境特徵分析, 蔡松倫、曾敏惠、鄧傳忠、落合知帆,101,2022,-
地球政治與海洋研究－論辯與未來研究展望, 王驥懋,101,2022,-
傳染病地理學的空間分析方法－回顧與進展, 溫在弘,101,2022,-
書 評— 評“How Green Became Good: Urbanized Nature and the Making of Cities and Citizens”, 周如怡,101,2022,-
從生態轉向、激進地理到地景張力－《後花蓮八景》中的後風景論”, 龔卓軍,101,2022,-
編輯室報告, 洪廣冀,102,2022,-
來！去！後山過日子！－探索花、東地區生活風格移居者的價值意涵, 張凱智、賴昱年,102,2022,-
都市化的批判－Neil Brenner全域都市化與資本主義的存續, 黃子倫、朱凌毅、徐進鈺,102,2022,-
健康、醫療利用與人口移動的關聯, 余清祥、梁穎誼、林佩柔,102,2022,-
打破觀光和動保的二元對立－從相互依存的角度看猴硐街貓議題, 余衡、林子耘、鄭中彥、劉鎮臺,102,2022,-
書 評—評“Wildlife in the Anthropocene: Conservation after Nature”, 徐振輔,102,2022,-
書 評—評“Edges of Exposure: Toxicology and the Problem of Capacity in Postcolonial Senegal”, 孫以翔,102,2022,-
當我在段義孚的「地方」, 洪伯邑,102,2022,-
八卦臺地山麓沖積扇形態之研究,孫稜翔,61,2011,沖積扇、集水區、地形指標、八卦臺地
八卦臺地北部階地土壤化育及其在地形對比之應用,黃文樹、林温惠、許正一、蔡　衡,61,2011,八卦臺地、化育層指數、加權土壤剖面化育指數、土壤形態、階地對比
三叉山地區第四紀冰川後退研究初探,何立德、王子揚,61,2011,冰川地形、冰川後退模式、風化環、相對定年法
臺閩地區戶口住宅普查資料應用及限制－以大學校院學生來源分析為例,林志重、何猷賓、林彥伶,61,2011,大學院校、教育社會學、教育地理學、學生來源、戶口及住宅普查
臺灣北部福隆海域海灘類型和裂流分布之短期變動研究,林雪美、黃翊翔、沈淑敏,61,2011,海灘模式、裂流、時空間變動
臺灣農業地理研究之進展 (2001-2010),廖哲強、蕭崑杉、郭大玄,62,2011,農業地理學、傳統、實證、行為、政治經濟
原住民傳統領域共同管理之研究－以新竹縣尖石鄉泰雅族部落為例,顏愛靜、陳亭伊,61,2011,原住民、傳統領域、共同管理、泰雅族
臺灣保護區經營管理效能評量－五個個案的分析與解讀,盧道杰、趙芝良、闕河嘉、高千雯、張雅玲、張弘毅,62,2011,RAPPAM、效能評量、參與式評量、威脅壓力分析、權益關係人分析
臺灣鄉村景觀變遷模擬之CLUE-s模式最佳參數試驗,吳振發,62,2011,CLUE-s 模式、網格尺度、轉移彈性、埔里鎮
原住民於何處狩獵？東臺灣太魯閣族某村落之實證研究,戴興盛、莊武龍、林祥偉,62,2011,原住民狩獵、太魯閣族、全球衛星定位系統、野生動物保育、臺灣
反演法於邊坡穩定參數之推導－以蓮華池集水區為例,莊永忠、廖學誠、詹進發、黃正良,62,2011,崩塌潛勢、土壤水分演算模式、無限邊坡模式
利用行動者網絡理論檢視公眾參與地理資訊系統對社區發展轉向之影響－以美濃黃蝶翠谷為案例,鍾明光、蔡博文、盧道杰,64,2012,公眾參與地理資訊系統、行動者網絡理論、美濃黃蝶翠谷、社區發展
空間介入性別－性別協商的配對競賽理論芻議,吳鄭重,69,2013,女性主義、配對競賽理論、性別親同、性別協商、側體交換
移民就業類型與適應：以澳洲台灣移民為例,姜蘭虹、宋郁玲,29,2001,就業類型、 族群事業、 自營事業、 臺灣移民、 澳洲
銫-137技術應用於土壤沖蝕研究之回顧與展望,李建堂 ,26,1999,銫 137、 土壤重新分布、 堆積速率、 沖蝕物來源
宜蘭農村地景變遷時空分析－以三星鄉尾塹村、大洲村與大義村為例,林敬妤、吳治達、莊永忠,64,2012,農村地景變遷、馬可夫模式、邏輯斯迴歸模式
1994-2000年彰化市空氣品質特性之探討,張仲德、林登秋、薛美莉,30,2001,懸浮微粒、 二氧化硫、 臭氧、 火力發電廠
遊憩衝擊對小琉球潮間帶生物多樣性與族群空間分布的影響,羅柳墀,69,2013,監測、遊客、生物指標、踩踏、族群分布
臺灣河階對比之回顧與探討,黃文樹、蔡衡、林登秋,33,2003,河階、河階對比、土壤化育、土壤時間序列
分權、參與及保護區經營管理：以宜蘭無尾港與高雄三民楠梓仙溪野生動物保護區為例,盧道杰,30,2001,野生動物保護區、 經營管理、 地方分權、 參與
以土地利用距離變數推測宜蘭海岸防風林的變遷,徐美玲,30,2001,防風林、 土地利用變遷、 區別分析、 區別函數
都市更新視域外的性別、遷移與貧民窟生活世界：以台北市忠勤社區女性遷入者的經驗為例,周素卿、劉美琴,30,2001,貧民窟研究、 性別與遷移、 貧民窟生活世界、 南機場社區、 忠勤社區
以類神經網路為核心的人工智慧空間資訊分析師,林祥偉、孫志鴻,30,2001,地理資訊系統、 類神經網路、 資料探索
921地震對原住民土地權益與地方認同重構的衝擊,陳毅峰,31,2002,地方、原住民、土地
地域競爭與空間政治：臺灣南部科學園區的個案分析,楊友仁、蘇一志,31,2002,科學園區、地域競爭、 權力幾何學、格局政治、領域治理
國家與社會的互動：國家公園的建制與台灣原住民的自主意識,黃躍雯、張長義,30,2001,國家公園、 原住民、 社會、 自主性、 自主意識
廠商聚集的區域鎖定效果：遞增報酬的模擬觀察,賴世剛、陳增隆,31,2002,聚集、鎖定、遞增報酬、路徑相依、區域均衡 
流動地景與時空操演：臺北捷運系統與新都市經驗,王志弘,31,2002,捷運系統、都市交通、空間、流動、操演、都市經驗
卑南溪河谷沖積扇之自然環境、土地利用與土石災害之研究,陳紫娥,32,2002,沖積扇、發育階段、土地利用、 土石災害
臺灣地區降雨與氣溫之最大熵譜分析,姜善鑫、賴栗葦,32,2002,最大熵法、頻譜分析、降雨、氣溫、氣候週期
彰化市與臺中市酸沉降之比較研究,張仲德、林登秋、薛美莉,33,2003,臺中市、 彰化市、酸沉降、鈣離子
臺灣山地地區的主要沖積扇階地與地形災害,齊士崢,32,2002,沖積扇、河階地、地形演育、地形災害
以因子分析探討彰化市與水中成份之來源,張仲德、林登秋、薛美莉,32,2002,因子分析、特徵值、海鹽飛沫、人為污染
新竹縣尖石鄉司馬庫斯部落休憩空間的形構過程,黃躍雯,32,2002,司馬庫斯、休憩空間、空間生產、社會作用者、生態旅遊
生態旅遊發展與社區參與：以高雄縣美濃鎮為例,宋郁玲、姜蘭虹,32,2002,生態旅遊、反水庫運動、社區參與、文化地景、美濃黃蝶祭
礫岩區谷系發育作用之探討：以觸口山東翼為例,張伯宇,33,2003,礫岩、逕流侵蝕、滲流侵蝕
颱風對於蘭陽溪上游集水區懸移質生產特性的影響,林孟龍、林俊全,33,2003,集水區、懸移質、懸移質生產量、颱風
森林集水區邊坡穩定性之評估：以蒙地卡羅模擬無限邊坡模式之參數,黃誌川、徐美玲,33,2003,地理資訊系統、數值地形高程模型、蒙地卡羅模擬、無限邊坡模式
公、私之間：由一個私有財產公有化的例子看公共領域的變動,譚鴻仁,34,2003,公領域、地緣性的公領域、公共空間、迪化街
全球化與新都心的發展：曼哈頓意象下的信義計畫區,周素卿,34,2003,全球城市、都心發展、信義計畫區、臺北曼哈頓
一九九○年代臺北市都市規劃中的社區參與：全球過程、地方政治以及鄰里回應,黃麗玲,34,2003,全球化、 都市政治、都市規劃、社區發展、 參與式規劃
地理學的文化經濟與地方再現,梁炳琨、張長義,35,2004,文化轉向、文化經濟、新文化地理、新經濟地理、地方再現
上海租界時期中產階級城郊宅地的社會生產,郭奇正,35,2004,社會生產、空間商品化、國家干預、社會區辨、上海里弄住宅
都市土地使用變遷空間動態模型之研究,鄒克萬、張曜麟,35,2004,土地使用變遷、空間動態、地理資訊系統、不連續選擇理論
後工業臺北多核心的空間結構化及其治理政治學,周志龍,34,2003,後工業化的臺北、多核心都市、新都市論、空間層級治理
臺北產業結構變遷與其世界城市功能發展之限制,金家禾,34,2003,全球化、世界城市、 生產者服務業、代工者、認同政治
河口短時距地形變動之研究：以淡水河口挖子尾為例,賴春婷、林俊全、任家弘,35,2004,短時距、地形變動、颱風、侵蝕與淤積、河口
暴雨與地震觸發崩塌發生區位之比較：以陳有蘭溪流域為例,張子瑩、徐美玲,35,2004,崩塌、降雨、地震、陳有蘭溪、集流面積
資料探勘技術在集集大地震引致山崩之研究,鄒明城、孫志鴻,36,2004,資料探勘、地理資訊系統、決策樹演算法、地震山崩
臺灣地區月平均氣溫日較差趨勢分析,賴栗葦、姜善鑫,36,2004,氣溫日較差(DTR)、日最低氣溫、日最高氣溫、時間序列迴歸模型、主成分分析、月平均
臺北堰塞湖考證,鄧屬予、李錫堤、劉平妹、宋聖榮、曹恕中、劉桓吉、彭志雄,36,2004,堰塞湖、臺北盆地、大屯火山、自然災害、第四紀
跨界生產網絡的在地化聚集與組織治理模式：以大蘇州地區資訊電子業臺商為例,楊友仁、夏鑄九,36,2004,跨界生產網絡、聚集、組織治理機制、全球商品鏈、權力關係
都市商業地區的社會空間化：安平路商店街之個案研究,陳坤宏,36,2004,零售商店街、社會空間化、想像空間、空間實踐／空間隱喻、安平
建立和評估自然保護區社區參與論壇之研究：以櫻花吻鮭野生動物保護區為例,李光中、王　鑫,36,2004,社區參與論壇、自然保護區、共同規劃理論、永續發展
以空間群聚分析探討單一物流中心車輛途程問題,陳致元、朱子豪,37,2004,物流配送、 群聚分析、 車輛途程問題
高屏溪流域環境水資源分布與水質、水污染變遷之研究,任家弘、林俊全、趙文愷、徐美玲,37,2004,高屏溪流域、 水資源、 水質指數、 河川污染指數、 永續發展
曾文水庫集水區山崩之規模與頻率分布關係之探討,林孟龍、林俊全,26,1999,山崩、 山崩規模、 山崩頻率、 賀伯颱風
階地邊坡形態與地形作用之關係,徐美玲,26,1999,邊坡演育、 階地定年、 自由崖面、 崩積坡、 擴散模式
花蓮溪河谷沖積扇之自然環境、土地利用及其土石災害之研究,陳紫娥,27,2000,沖積扇、 自然環境、 土地利用、 土石災害、
康熙臺北湖古地理環境之探討,謝英宗,27,2000,史籍文獻、 康熙臺北湖、 古地理
地理學的歷史取向,施雅軒,27,2000,歷史地理、 人文主義、 結構主義、 後現代主義
關渡沼澤地植群變遷之研究,王儀臻、李建堂、朱子豪,27,2000,植群變遷、 關渡、 水筆仔、
區位決策與就業適應：以雪梨的臺灣移民為例,姜蘭虹、徐榮崇,27,2000,臺灣移民、 區位決策、 就業、 低度就業、 雪梨
連鎖遷移、網絡與北京浙江村：兼論共相與殊相在知識論的對立,許秉翔,28,2000,連鎖遷移、 網絡、 共相、 殊相、 北京浙江村
澎湖群島遊客之空間行為與環境識覺分析,倪進誠,27,2000,行為、 識覺、 澎湖群島、 外在作用力
鄉土襲產保育基本概念架構之建立,黃服賜,28,2000,鄉土襲產保育、 概念架構、 在地社區領袖、 在地行動參與歷程
臺北市南機場社區貧民窟特性的形構,周素卿,28,2000,都市更新、 貧民窟的形塑、 臺北市的貧民窟、 整建住宅社區、 南機場一期整宅
運用空間自相關分析於養殖土地利用變遷研究,蔡博文、張康聰、張長義、朱健銘,29,2001,土地利用變遷、 空間自相關
網格式數值高程模型擷取河系集流閾值之探討,詹仕堅、孫志鴻,28,2000,河系、 數值高程模型、 集流閾值、 等降
區別分析於衛星影像土地利用分類之應用：以宜蘭沿海鄉鎮為例,黃誌川、徐美玲、朱子豪,29,2001,區別分析、 土地利用、 非監督性分類
泡沫化了的新國族召喚：大上海計畫與1927-1937年間上海的都市政治,郭奇正,29,2001,都市政治、 城市史、 民族主義、 大上海計畫
智慧型地理資訊系統的發展：案例式推理的結合,蔡博文、許家成,28,2000,地理資訊系統、 案例式推理
地圖知識正式化之研究：以自動化繪圖的圖面配置為例,張春蘭,28,2000,知識正式化、 地圖圖元、 自動化繪圖、 圖元配置
以介入模式分析聖嬰、拉尼那現象對台灣降水之影響,賴栗葦,29,2001,介入分析、 降水、 聖嬰現象、 臺灣
地理學與社會正義,楊秉煌,29,2001,社會正義、 後現代主義、 差異
金門島嶼型災害特性及規模設定方法之探討,林世強,69,2013,災害規模、島嶼、尺度、碎形、金門
原住民生態知識與流域治理－以泰雅族Mrqwang群之人河關係為例,官大偉,70,2013,泰雅族、河流、原住民生態知識、流域治理
竹坑北坑河川襲奪及其在造構地形上的隱義,黃麗津、楊貴三、蔡 衡,70,2013,河川襲奪、造構地形指標、活造構、地形演育
微觀政治視角下的宗教空間的社會與文化建構－以中國大陸威甯石門檻基督教會為例,袁振傑、錢俊希、朱 竑,70,2013,空間政治、微觀政治、宗教地理、貴州石門檻、苗文
臺灣高山崩積層剖面特徵與焦炭年代指示的環境變遷意義,張姍姍、齊士崢、謝孟龍、林建偉,70,2013,高山崩積層剖面特徵、焦炭、碳十四年代、環境變遷
書 評－評 'The Place of Religion in Chicago',蔡文川,71,2013,-
依據生態完整性建構基隆河整合性河川生態品質評估系統ASIREQ,龐元勳,71,2013,生態完整性、生態永續、整合性生態評估、河川生態品質
海洋大陸地區的降雨週期分析－以馬來半島為例 (1971-2007),黃燕儀,71,2013,小波分析、季節降雨、時間序列
生命安全與文化區域主義－SARS、涼茶與嶺南中醫藥發展,黃宗儀、胡俊佳,71,2013,生命安全、文化區域主義、嶺南、中醫藥產業、涼茶
古蹟地景、國族認同、全球化－以新加坡中國城為例,張碧君,71,2013,新加坡中國城、古蹟地景、國族建構、全球化、認同
清代上海地區氣候與天氣特徵之重建,談珮華、吳柏霖,71,2013,氣溫、降水、劇烈天氣、颱風、龍捲風
後政治的社區動員與共識建構－一個臺北社區文化建構的案例,林文一、邱淑宜,72,2014,社區動員、積極公民、後政治共識
新自由主義都市開發策略的多尺度治理挑戰－大臺北新都會的案例分析,周志龍、陳台智,72,2014,大臺北新都會、國家再尺度化、新自由主義都市開發策略、多重尺度治理
建構創意城市－臺北市在政策論述上的迷思與限制,邱淑宜、林文一,72,2014,創意城市、創意階級、都市復興
臺北都會區港口城市的困局－再生中的基隆？,張容瑛,72,2014,城市區域 、臺北都會區、基隆港口城市、萎縮城市、新自由主義
新自由主義與城市治理專輯導言,徐進鈺,72,2014,-
地區創新氛圍、社會資本與廠商創新績效之研究,邊泰明、陳仲萌,73,2014,社會資本、創新氛圍、產業環境、社會網絡分析
誘因排擠與原住民部落農業之發展－以臺灣新竹尖石鄉石磊部落為例,顏愛靜、羅恩加、陳胤安,65,2012,自然農業、誘因排擠、社區自主治理、原住民、部落發展
臺南縣曾文溪口北岸黑面琵鷺野生動物保護區經營管理效能評估,何立德、羅柳墀、盧道杰、陳維立、徐嘉鴻,65,2012,RAPPAM、瀕危物種、棲地保育
邁向協同治理？權益關係人參與自然地景保育的機會和限制,李光中、王  鑫、蔡嘉玲,65,2012,權益關係人參與、自然地景保育、社區與學校夥伴關係、協同治理
臺北市街道命名的空間政治,黃雯娟,73,2014,空間政治、街道命名、權力、街道更名、臺北市
颱洪災害之整合性脆弱度評估－大甲溪流域之應用,洪鴻智、陳令韡,65,2012,脆弱度、調適力、多準則決策分析、空間統計、大甲溪流域
蓮華池試驗林梅雨降雨型態變遷與植生變動之分析,王素芬、林婉婷、張仲德、林登秋,66,2012,梅雨季、降雨、常態化差異植生指標、植生變動
影像二值化在空載光達影像樹冠孔隙分類上之應用,魏浚紘、吳守從、黃韋傑、謝依達、鍾玉龍、陳朝圳,66,2012,影像二值化、影像分類、門檻值、空載光值、樹冠孔隙
流域治理與土地倫理之研究－以石門水庫上游集水區的原住民族部落為例,孫稚堤、顏愛靜,66,2012,流域治理、土地倫理、災難、集水區、水資源
初探南湖大山第四紀冰川漂礫風化面強度與曝曬年代之關係,何立德、劉睿紘,67,2012,陸域宇生核素定年法 、史密特錘 、冰川定年學 、南湖大山 、臺灣
都市自我組織制度與空間演變的模擬比較,賴世剛 、王昱智 、韓昊英,67,2012,自我組織 、個體基礎建模 、空間垃圾桶模型 、人工社會
臺灣區域所得探索式時空動態分析，1999-2008 年,紀玉臨、周孟嫻、賴進貴,67,2012,區域所得不均 、探索式空間資料分析 、空間自相關 、馬可夫鏈
書評－評 “Not Yet a Placelessness Land: Tracking an Evolving American Geography”,蔡文川,67,2012,-
機會與命運－苗栗南庄泰雅地區觀光發展辯證,倪進誠,68,2013,觀光發展、自然環境、機會命運、泰雅地區
臺灣降雨指數 (TRI) 的建立與其分析應用,洪致文,67,2012,降雨 、氣候 、降雨指數 、臺灣
批判地名學－國家與地方、族群的對話,葉韻翠,68,2013,批判地名學、地名命名法、 文化地景、 國家權力
島嶼生態空間與時間尺度課題,林世強,66,2012,空間尺度、時間尺度、島嶼、生態、空居棲地
氣候變遷對臺灣年降雨沖蝕指數潛在影響,江介倫,68,2013,通用土壤流失公式 、土壤沖蝕  、克利金 、年降雨量
臺灣海岸河口溼地型保護區經營管理效能評估,盧道杰、趙芝良、羅欣怡、高千雯、陳維立、羅柳墀、葉美智、何立德、張弘毅、王中原,68,2013,權益關係人、參與式工作坊、經營管理循環 、威脅與壓力分析 、基礎資料
應用地理視覺化技術於交通流量資料的空間知識探索,陳致元、朱子豪、林孟龍,62,2011,地理視覺化、自組織映射圖網路、交通流量、群聚分析
北部地區都市原住民的移徙與轉進,劉千嘉,69,2013,都市原住民、遷徙、北部都會區
音樂經濟轉型與臺北音樂產業之創業精神－治理取向之研究,林政逸,63,2011,音樂產業生產系統、創業精神、治理、文化經濟
找回尺度的階序結構－邁向空間的意識型態政治,林子新,62,2011,尺度、階序、意識型態、意識型態國家機器、主體
公共廁所的微地理學－公廁空間的心理分析與賤斥主體性的空間歷程,吳鄭重、莊景智,63,2011,公共廁所、踐斥體現、身體空間、心理分析、空間分析
重大災害事件對媒體議題設定及政府決策之影響－基隆河流域河川整治的個案研究,盧鏡臣、周素卿、江尚書,63,2011,重大災害、媒體議題設定、災害管理政策、基隆河、河川整治
氣候變遷與不同尺度植被物候研究之回顧,張仲德、王素芬、林登秋,63,2011,物候、氣候變遷、地面觀察、遙測、常態化差異植生指標
澎湖群島濱臺地形的發育模式,呂政豪、齊士崢、何立德、張伯宇,64,2012,濱臺、岩石強度、波浪能量、原始地形
書評－評 “Religion: From Place to Placelessness”,蔡文川,64,2012,-
流動的人民故事－桃園縣水庫移民遷徙過程的研究,陳其澎,64,2012,流動、石門水庫、移民
